USERNAME,EMAIL,PASSWORD
Amira12,Gwendolyn.Yundt0@yahoo.com,hjgCCQ1dCOD2tHX
Oliver_Kulas90,Jade_Gusikowski93@hotmail.com,uS8IPIz0oKh1ktW
Lavada.Bechtelar84,Samanta_Huel@gmail.com,KdASE6hvcrAnSZ4
Justyn.Flatley,Faustino.Boyer@hotmail.com,26LCGFGC_rgfZcF
Anissa_Funk40,Johnnie75@hotmail.com,W0qihIlevzKbZiG
Brando.Auer,Corene.OHara-Larson18@gmail.com,ew8wwmfOYm5txwH
Sunny_Muller52,Kelley.Koelpin@yahoo.com,7cGerUMQBvqxzNR
Bulah30,Pansy.Doyle97@yahoo.com,URylrW28nLG7Lyb
Mona37,Jamarcus47@gmail.com,V3QN3wrQ8FqXKuz
Coy61,Justina_Reilly-Bernhard91@yahoo.com,W9kaW9v3pXdZ2jU
